{
    "classification_report": {
        "0": {
            "precision": 0.8976012281711764,
            "recall": 0.9248991536818792,
            "f1-score": 0.9110457529070334,
            "support": 101144.0
        },
        "1": {
            "precision": 0.6213359920239282,
            "recall": 0.5387275242047026,
            "f1-score": 0.5770904713399388,
            "support": 23136.0
        },
        "accuracy": 0.8530093337624718,
        "macro avg": {
            "precision": 0.7594686100975523,
            "recall": 0.7318133389432909,
            "f1-score": 0.7440681121234861,
            "support": 124280.0
        },
        "weighted avg": {
            "precision": 0.8461716135630115,
            "recall": 0.8530093337624718,
            "f1-score": 0.8488765431038768,
            "support": 124280.0
        }
    }
}