{
    "classification_report on the train set": {
        "0": {
            "precision": 0.8766742153387984,
            "recall": 0.9615042742312763,
            "f1-score": 0.917131834519241,
            "support": 470260.0
        },
        "1": {
            "precision": 0.6727584960231381,
            "recall": 0.3691283821312386,
            "f1-score": 0.4767009939542986,
            "support": 100824.0
        },
        "accuracy": 0.8569212234977691,
        "macro avg": {
            "precision": 0.7747163556809682,
            "recall": 0.6653163281812574,
            "f1-score": 0.6969164142367698,
            "support": 571084.0
        },
        "weighted avg": {
            "precision": 0.8406732093847143,
            "recall": 0.8569212234977691,
            "f1-score": 0.8393744484444784,
            "support": 571084.0
        }
    }
}