{
    "classification_report": {
        "0": {
            "precision": 0.871974252409329,
            "recall": 0.9562801550264969,
            "f1-score": 0.9121834137324525,
            "support": 101144.0
        },
        "1": {
            "precision": 0.6689376356966384,
            "recall": 0.38619467496542187,
            "f1-score": 0.48968295289507574,
            "support": 23136.0
        },
        "accuracy": 0.8501528805922112,
        "macro avg": {
            "precision": 0.7704559440529837,
            "recall": 0.6712374149959593,
            "f1-score": 0.7009331833137641,
            "support": 124280.0
        },
        "weighted avg": {
            "precision": 0.8341768983357467,
            "recall": 0.8501528805922112,
            "f1-score": 0.833530608277564,
            "support": 124280.0
        }
    }
}