{
    "classification_report": {
        "0": {
            "precision": 0.9085128696355874,
            "recall": 0.9358227363586101,
            "f1-score": 0.9219656085542856,
            "support": 117565.0
        },
        "1": {
            "precision": 0.6518549280177187,
            "recall": 0.5604617948107593,
            "f1-score": 0.6027134263407142,
            "support": 25206.0
        },
        "accuracy": 0.8695533406644207,
        "macro avg": {
            "precision": 0.7801838988266531,
            "recall": 0.7481422655846848,
            "f1-score": 0.7623395174474998,
            "support": 142771.0
        },
        "weighted avg": {
            "precision": 0.8632003056245487,
            "recall": 0.8695533406644207,
            "f1-score": 0.8656021278412888,
            "support": 142771.0
        }
    }
}