{
    "classification_report": {
        "0": {
            "precision": 0.9591397622638723,
            "recall": 0.7735040190532897,
            "f1-score": 0.8563773684408784,
            "support": 117565.0
        },
        "1": {
            "precision": 0.44478732276897415,
            "recall": 0.8463064349757994,
            "f1-score": 0.5831123746002241,
            "support": 25206.0
        },
        "accuracy": 0.7863571733755454,
        "macro avg": {
            "precision": 0.7019635425164232,
            "recall": 0.8099052270145446,
            "f1-score": 0.7197448715205512,
            "support": 142771.0
        },
        "weighted avg": {
            "precision": 0.868331631831863,
            "recall": 0.7863571733755454,
            "f1-score": 0.8081328549560143,
            "support": 142771.0
        }
    }
}