{
    "summary": {
        "accuracy": 0.8495142570970295,
        "precision": 0.6397086430877825,
        "recall": 0.3379750852971515,
        "f1": 0.44228123458712976
    },
    "classification_report": {
        "0": {
            "precision": 0.8710970692292243,
            "recall": 0.9591885340024667,
            "f1-score": 0.9130228848793008,
            "support": 117565.0
        },
        "1": {
            "precision": 0.6397086430877825,
            "recall": 0.3379750852971515,
            "f1-score": 0.44228123458712976,
            "support": 25206.0
        },
        "accuracy": 0.8495142570970295,
        "macro avg": {
            "precision": 0.7554028561585033,
            "recall": 0.648581809649809,
            "f1-score": 0.6776520597332153,
            "support": 142771.0
        },
        "weighted avg": {
            "precision": 0.8302457992281653,
            "recall": 0.8495142570970295,
            "f1-score": 0.8299141720646223,
            "support": 142771.0
        }
    }
}