{
    "classification_report": {
        "0": {
            "precision": 0.9430012961554529,
            "recall": 0.7487942840130991,
            "f1-score": 0.8347509458652178,
            "support": 117565.0
        },
        "1": {
            "precision": 0.4023837468129022,
            "recall": 0.7888994683805444,
            "f1-score": 0.5329384648370498,
            "support": 25206.0
        },
        "accuracy": 0.7558747924998774,
        "macro avg": {
            "precision": 0.6726925214841776,
            "recall": 0.7688468761968217,
            "f1-score": 0.6838447053511338,
            "support": 142771.0
        },
        "weighted avg": {
            "precision": 0.8475561010617131,
            "recall": 0.7558747924998774,
            "f1-score": 0.7814664175170518,
            "support": 142771.0
        }
    }
}