{
    "classification_report": {
        "0": {
            "precision": 0.9467917779884513,
            "recall": 0.7475439118785353,
            "f1-score": 0.8354524238434519,
            "support": 117565.0
        },
        "1": {
            "precision": 0.4057701163233027,
            "recall": 0.804054590176942,
            "f1-score": 0.5393530531049991,
            "support": 25206.0
        },
        "accuracy": 0.7575207850333752,
        "macro avg": {
            "precision": 0.6762809471558769,
            "recall": 0.7757992510277387,
            "f1-score": 0.6874027384742255,
            "support": 142771.0
        },
        "weighted avg": {
            "precision": 0.8512752374870067,
            "recall": 0.7575207850333752,
            "f1-score": 0.7831765363114359,
            "support": 142771.0
        }
    }
}