{
    "classification_report": {
        "0": {
            "precision": 0.9429994643813605,
            "recall": 0.7487687662144346,
            "f1-score": 0.834734371666311,
            "support": 117565.0
        },
        "1": {
            "precision": 0.402359320936444,
            "recall": 0.7888994683805444,
            "f1-score": 0.5329170407493267,
            "support": 25206.0
        },
        "accuracy": 0.7558537798292371,
        "macro avg": {
            "precision": 0.6726793926589023,
            "recall": 0.7688341172974895,
            "f1-score": 0.6838257062078188,
            "support": 142771.0
        },
        "weighted avg": {
            "precision": 0.8475502803336719,
            "recall": 0.7558537798292371,
            "f1-score": 0.7814489870777496,
            "support": 142771.0
        }
    }
}