{
    "classification_report on the train set": {
        "0": {
            "precision": 0.9486782541521823,
            "recall": 0.758864284072343,
            "f1-score": 0.8432212118132706,
            "support": 404573.0
        },
        "1": {
            "precision": 0.43769236976494863,
            "recall": 0.8205324919499493,
            "f1-score": 0.5708690422492858,
            "support": 92546.0
        },
        "accuracy": 0.7703447263130156,
        "macro avg": {
            "precision": 0.6931853119585655,
            "recall": 0.7896983880111461,
            "f1-score": 0.7070451270312782,
            "support": 497119.0
        },
        "weighted avg": {
            "precision": 0.8535507300452765,
            "recall": 0.7703447263130156,
            "f1-score": 0.7925188570763394,
            "support": 497119.0
        }
    }
}