{
    "classification_report on the train set": {
        "0": {
            "precision": 0.9425525092191759,
            "recall": 0.7500574150469953,
            "f1-score": 0.8353590375142099,
            "support": 470260.0
        },
        "1": {
            "precision": 0.40294822821846554,
            "recall": 0.7867769578671745,
            "f1-score": 0.5329472467818656,
            "support": 100824.0
        },
        "accuracy": 0.7565401937368234,
        "macro avg": {
            "precision": 0.6727503687188208,
            "recall": 0.7684171864570849,
            "f1-score": 0.6841531421480378,
            "support": 571084.0
        },
        "weighted avg": {
            "precision": 0.8472862050894583,
            "recall": 0.7565401937368234,
            "f1-score": 0.7819687019614753,
            "support": 571084.0
        }
    }
}