{
    "classification_report": {
        "0": {
            "precision": 0.9506980012991023,
            "recall": 0.7594181941904479,
            "f1-score": 0.844360589381301,
            "support": 117565.0
        },
        "1": {
            "precision": 0.4211215718379042,
            "recall": 0.8163135761326669,
            "f1-score": 0.5556125617692328,
            "support": 25206.0
        },
        "accuracy": 0.769462986180667,
        "macro avg": {
            "precision": 0.6859097865685033,
            "recall": 0.7878658851615574,
            "f1-score": 0.6999865755752669,
            "support": 142771.0
        },
        "weighted avg": {
            "precision": 0.8572020989029647,
            "recall": 0.769462986180667,
            "f1-score": 0.7933825701477746,
            "support": 142771.0
        }
    }
}