{
    "classification_report": {
        "0": {
            "precision": 0.9473940574768631,
            "recall": 0.7444817760387871,
            "f1-score": 0.8337699452250535,
            "support": 117565.0
        },
        "1": {
            "precision": 0.40380264359147383,
            "recall": 0.8071887645798619,
            "f1-score": 0.5383109323737961,
            "support": 25206.0
        },
        "accuracy": 0.7555525982167247,
        "macro avg": {
            "precision": 0.6755983505341685,
            "recall": 0.7758352703093245,
            "f1-score": 0.6860404387994248,
            "support": 142771.0
        },
        "weighted avg": {
            "precision": 0.8514238311816413,
            "recall": 0.7555525982167247,
            "f1-score": 0.7816071118910516,
            "support": 142771.0
        }
    }
}