{
    "classification_report on the train set": {
        "0": {
            "precision": 0.8719335243966185,
            "recall": 0.9565443072078463,
            "f1-score": 0.9122812807562426,
            "support": 404573.0
        },
        "1": {
            "precision": 0.6700696229849682,
            "recall": 0.3858189440926674,
            "f1-score": 0.48968340499064,
            "support": 92546.0
        },
        "accuracy": 0.8502954021069402,
        "macro avg": {
            "precision": 0.7710015736907934,
            "recall": 0.6711816256502569,
            "f1-score": 0.7009823428734413,
            "support": 497119.0
        },
        "weighted avg": {
            "precision": 0.8343535956068467,
            "recall": 0.8502954021069402,
            "f1-score": 0.8336084820689998,
            "support": 497119.0
        }
    }
}