{
    "classification_report on the train set": {
        "0": {
            "precision": 0.9424663465007577,
            "recall": 0.7499106877046741,
            "f1-score": 0.8352341963500114,
            "support": 470260.0
        },
        "1": {
            "precision": 0.4027160581606172,
            "recall": 0.7864794096643656,
            "f1-score": 0.5326759077947247,
            "support": 100824.0
        },
        "accuracy": 0.75636683920404,
        "macro avg": {
            "precision": 0.6725912023306875,
            "recall": 0.7681950486845198,
            "f1-score": 0.6839550520723681,
            "support": 571084.0
        },
        "weighted avg": {
            "precision": 0.8471742650003018,
            "recall": 0.75636683920404,
            "f1-score": 0.7818179968324304,
            "support": 571084.0
        }
    }
}