{
    "classification_report": {
        "0": {
            "precision": 0.9429446801216952,
            "recall": 0.7487092246842172,
            "f1-score": 0.8346759090240999,
            "support": 117565.0
        },
        "1": {
            "precision": 0.40224187119357385,
            "recall": 0.7887011029120051,
            "f1-score": 0.5327687628133836,
            "support": 25206.0
        },
        "accuracy": 0.7557697291466754,
        "macro avg": {
            "precision": 0.6725932756576345,
            "recall": 0.7687051637981112,
            "f1-score": 0.6837223359187418,
            "support": 142771.0
        },
        "weighted avg": {
            "precision": 0.8474844325795318,
            "recall": 0.7557697291466754,
            "f1-score": 0.7813746676838607,
            "support": 142771.0
        }
    }
}