{
    "classification_report": {
        "0": {
            "precision": 0.8761737998574395,
            "recall": 0.9619019265937991,
            "f1-score": 0.9170386769004959,
            "support": 117565.0
        },
        "1": {
            "precision": 0.6731372692111216,
            "recall": 0.36594461636118386,
            "f1-score": 0.4741319489064227,
            "support": 25206.0
        },
        "accuracy": 0.8566865820089514,
        "macro avg": {
            "precision": 0.7746555345342805,
            "recall": 0.6639232714774915,
            "f1-score": 0.6955853129034593,
            "support": 142771.0
        },
        "weighted avg": {
            "precision": 0.8403280133078526,
            "recall": 0.8566865820089514,
            "f1-score": 0.8388441767161544,
            "support": 142771.0
        }
    }
}