{
    "classification_report on the train set": {
        "0": {
            "precision": 0.9424658632391845,
            "recall": 0.7500085059328881,
            "f1-score": 0.8352946748925387,
            "support": 470260.0
        },
        "1": {
            "precision": 0.4028010606845683,
            "recall": 0.7864496548440847,
            "f1-score": 0.5327434341805575,
            "support": 100824.0
        },
        "accuracy": 0.7564421346071681,
        "macro avg": {
            "precision": 0.6726334619618763,
            "recall": 0.7682290803884864,
            "f1-score": 0.6840190545365481,
            "support": 571084.0
        },
        "weighted avg": {
            "precision": 0.8471888741224054,
            "recall": 0.7564421346071681,
            "f1-score": 0.7818797196608306,
            "support": 571084.0
        }
    }
}