{
    "classification_report": {
        "0": {
            "precision": 0.9589682481097555,
            "recall": 0.7735125249861778,
            "f1-score": 0.8563142084992985,
            "support": 117565.0
        },
        "1": {
            "precision": 0.44459972466730635,
            "recall": 0.845631992382766,
            "f1-score": 0.582791053754033,
            "support": 25206.0
        },
        "accuracy": 0.7862451057987967,
        "macro avg": {
            "precision": 0.7017839863885309,
            "recall": 0.8095722586844719,
            "f1-score": 0.7195526311266658,
            "support": 142771.0
        },
        "weighted avg": {
            "precision": 0.8681572780815959,
            "recall": 0.7862451057987967,
            "f1-score": 0.8080241171046234,
            "support": 142771.0
        }
    }
}