{
    "classification_report": {
        "0": {
            "precision": 0.9428336366582732,
            "recall": 0.7478051095467848,
            "f1-score": 0.834070332917967,
            "support": 101144.0
        },
        "1": {
            "precision": 0.42103590721321893,
            "recall": 0.8017807745504841,
            "f1-score": 0.5521326308896628,
            "support": 23136.0
        },
        "accuracy": 0.7578532346314774,
        "macro avg": {
            "precision": 0.681934771935746,
            "recall": 0.7747929420486345,
            "f1-score": 0.6931014819038148,
            "support": 124280.0
        },
        "weighted avg": {
            "precision": 0.8456956235552738,
            "recall": 0.7578532346314774,
            "f1-score": 0.7815847304547642,
            "support": 124280.0
        }
    }
}