{
    "classification_report": {
        "0": {
            "precision": 0.9429220076889303,
            "recall": 0.7489558967379747,
            "f1-score": 0.8348202857603367,
            "support": 117565.0
        },
        "1": {
            "precision": 0.4024296416278599,
            "recall": 0.7885424105371737,
            "f1-score": 0.5328972062845193,
            "support": 25206.0
        },
        "accuracy": 0.7559448347353455,
        "macro avg": {
            "precision": 0.672675824658395,
            "recall": 0.7687491536375741,
            "f1-score": 0.683858746022428,
            "support": 142771.0
        },
        "weighted avg": {
            "precision": 0.8474989135105934,
            "recall": 0.7559448347353455,
            "f1-score": 0.7815162314267013,
            "support": 142771.0
        }
    }
}