{
    "classification_report on the train set": {
        "0": {
            "precision": 0.9510792970833898,
            "recall": 0.7620061242716795,
            "f1-score": 0.8461087112308493,
            "support": 470260.0
        },
        "1": {
            "precision": 0.42402128546505347,
            "recall": 0.8171863841942395,
            "f1-score": 0.5583343215816491,
            "support": 100824.0
        },
        "accuracy": 0.7717481141128101,
        "macro avg": {
            "precision": 0.6875502912742216,
            "recall": 0.7895962542329595,
            "f1-score": 0.7022215164062492,
            "support": 571084.0
        },
        "weighted avg": {
            "precision": 0.8580280174758239,
            "recall": 0.7717481141128101,
            "f1-score": 0.7953025862790192,
            "support": 571084.0
        }
    }
}