{
    "classification_report on the train set": {
        "0": {
            "precision": 0.9484720617088183,
            "recall": 0.7504316760940756,
            "f1-score": 0.8379091330001306,
            "support": 470260.0
        },
        "1": {
            "precision": 0.4102826936798416,
            "recall": 0.8098468618582877,
            "f1-score": 0.544640772683916,
            "support": 100824.0
        },
        "accuracy": 0.7609213355653459,
        "macro avg": {
            "precision": 0.6793773776943299,
            "recall": 0.7801392689761817,
            "f1-score": 0.6912749528420232,
            "support": 571084.0
        },
        "weighted avg": {
            "precision": 0.8534555582834841,
            "recall": 0.7609213355653459,
            "f1-score": 0.7861330559947828,
            "support": 571084.0
        }
    }
}