{
    "classification_report": {
        "0": {
            "precision": 0.9478442109417394,
            "recall": 0.7598572332516017,
            "f1-score": 0.8435037425642602,
            "support": 101144.0
        },
        "1": {
            "precision": 0.43770256505231964,
            "recall": 0.8172112724757953,
            "f1-score": 0.5700717602363866,
            "support": 23136.0
        },
        "accuracy": 0.7705342774380431,
        "macro avg": {
            "precision": 0.6927733879970295,
            "recall": 0.7885342528636985,
            "f1-score": 0.7067877514003233,
            "support": 124280.0
        },
        "weighted avg": {
            "precision": 0.852876097654826,
            "recall": 0.7705342774380431,
            "f1-score": 0.7926015672895766,
            "support": 124280.0
        }
    }
}