{
    "classification_report on the train set": {
        "0": {
            "precision": 0.9509164056636549,
            "recall": 0.762478203546974,
            "f1-score": 0.8463351393965286,
            "support": 470260.0
        },
        "1": {
            "precision": 0.4242808471597264,
            "recall": 0.8164325954137903,
            "f1-score": 0.5583831065978829,
            "support": 100824.0
        },
        "accuracy": 0.7720037682722681,
        "macro avg": {
            "precision": 0.6875986264116907,
            "recall": 0.7894553994803821,
            "f1-score": 0.7023591229972057,
            "support": 571084.0
        },
        "weighted avg": {
            "precision": 0.8579397095023195,
            "recall": 0.7720037682722681,
            "f1-score": 0.7954976518204615,
            "support": 571084.0
        }
    }
}