{
    "classification_report": {
        "0": {
            "precision": 0.9430628622858429,
            "recall": 0.7486666950197763,
            "f1-score": 0.8346957742204688,
            "support": 117565.0
        },
        "1": {
            "precision": 0.4023462783171521,
            "recall": 0.7891771800364993,
            "f1-score": 0.5329689467620502,
            "support": 25206.0
        },
        "accuracy": 0.7558187587115031,
        "macro avg": {
            "precision": 0.6727045703014976,
            "recall": 0.7689219375281378,
            "f1-score": 0.6838323604912595,
            "support": 142771.0
        },
        "weighted avg": {
            "precision": 0.8476001827814981,
            "recall": 0.7558187587115031,
            "f1-score": 0.781426367878026,
            "support": 142771.0
        }
    }
}