{
    "classification_report": {
        "0": {
            "precision": 0.9480901319365519,
            "recall": 0.7587795618128609,
            "f1-score": 0.8429365375744129,
            "support": 101144.0
        },
        "1": {
            "precision": 0.43695190621249885,
            "recall": 0.8183782849239281,
            "f1-score": 0.5697177589215864,
            "support": 23136.0
        },
        "accuracy": 0.7698744769874477,
        "macro avg": {
            "precision": 0.6925210190745253,
            "recall": 0.7885789233683944,
            "f1-score": 0.7063271482479996,
            "support": 124280.0
        },
        "weighted avg": {
            "precision": 0.8529364950653602,
            "recall": 0.7698744769874477,
            "f1-score": 0.792074052356262,
            "support": 124280.0
        }
    }
}