{
    "classification_report on the train set": {
        "0": {
            "precision": 1.0,
            "recall": 0.9998086165100157,
            "f1-score": 0.9999042990972214,
            "support": 470260.0
        },
        "1": {
            "precision": 0.9991081514953326,
            "recall": 1.0,
            "f1-score": 0.9995538768105167,
            "support": 100824.0
        },
        "accuracy": 0.999842404970197,
        "macro avg": {
            "precision": 0.9995540757476663,
            "recall": 0.9999043082550079,
            "f1-score": 0.9997290879538691,
            "support": 571084.0
        },
        "weighted avg": {
            "precision": 0.9998425455210888,
            "recall": 0.999842404970197,
            "f1-score": 0.9998424325826023,
            "support": 571084.0
        }
    }
}