{
    "classification_report on the train set": {
        "0": {
            "precision": 0.9999845163288216,
            "recall": 0.8240101220601369,
            "f1-score": 0.9035085367204304,
            "support": 470260.0
        },
        "1": {
            "precision": 0.5491804618175281,
            "recall": 0.9999404903594382,
            "f1-score": 0.7089798630816131,
            "support": 100824.0
        },
        "accuracy": 0.8550703574255276,
        "macro avg": {
            "precision": 0.7745824890731748,
            "recall": 0.9119753062097875,
            "f1-score": 0.8062441999010217,
            "support": 571084.0
        },
        "weighted avg": {
            "precision": 0.9203957553198514,
            "recall": 0.8550703574255276,
            "f1-score": 0.869164799212533,
            "support": 571084.0
        }
    }
}