{
    "classification_report on the train set": {
        "0": {
            "precision": 0.948774040406765,
            "recall": 0.7479670820397227,
            "f1-score": 0.8364879487270954,
            "support": 470260.0
        },
        "1": {
            "precision": 0.40844205755812213,
            "recall": 0.8116420693485678,
            "f1-score": 0.5434195060728207,
            "support": 100824.0
        },
        "accuracy": 0.7592088029081536,
        "macro avg": {
            "precision": 0.6786080489824435,
            "recall": 0.7798045756941452,
            "f1-score": 0.6899537273999581,
            "support": 571084.0
        },
        "weighted avg": {
            "precision": 0.8533792616373869,
            "recall": 0.7592088029081536,
            "f1-score": 0.7847471668768342,
            "support": 571084.0
        }
    }
}