{
    "classification_report": {
        "0": {
            "precision": 0.908756080037657,
            "recall": 0.9360268787479267,
            "f1-score": 0.922189911924176,
            "support": 117565.0
        },
        "1": {
            "precision": 0.6530584002214226,
            "recall": 0.5616519876219948,
            "f1-score": 0.6039160481187612,
            "support": 25206.0
        },
        "accuracy": 0.8699315687359478,
        "macro avg": {
            "precision": 0.7809072401295398,
            "recall": 0.7488394331849607,
            "f1-score": 0.7630529800214686,
            "support": 142771.0
        },
        "weighted avg": {
            "precision": 0.8636130487676651,
            "recall": 0.8699315687359478,
            "f1-score": 0.8659991518182771,
            "support": 142771.0
        }
    }
}