{
    "classification_report on the train set": {
        "0": {
            "precision": 0.9999871023326721,
            "recall": 0.8243567388253307,
            "f1-score": 0.9037179153937339,
            "support": 470260.0
        },
        "1": {
            "precision": 0.549670968339903,
            "recall": 0.9999504086328652,
            "f1-score": 0.7093909745603203,
            "support": 100824.0
        },
        "accuracy": 0.8553575305909463,
        "macro avg": {
            "precision": 0.7748290353362876,
            "recall": 0.912153573729098,
            "f1-score": 0.8065544449770271,
            "support": 571084.0
        },
        "weighted avg": {
            "precision": 0.9204844829392257,
            "recall": 0.8553575305909463,
            "f1-score": 0.8694097935017039,
            "support": 571084.0
        }
    }
}