{
    "classification_report": {
        "0": {
            "precision": 0.9382023862567453,
            "recall": 0.7494562208336629,
            "f1-score": 0.8332747059470155,
            "support": 101144.0
        },
        "1": {
            "precision": 0.4172339251218839,
            "recall": 0.784189142461964,
            "f1-score": 0.5446712698889222,
            "support": 23136.0
        },
        "accuracy": 0.7559221113614419,
        "macro avg": {
            "precision": 0.6777181556893146,
            "recall": 0.7668226816478134,
            "f1-score": 0.6889729879179689,
            "support": 124280.0
        },
        "weighted avg": {
            "precision": 0.8412187499772461,
            "recall": 0.7559221113614419,
            "f1-score": 0.779548208548882,
            "support": 124280.0
        }
    }
}