{
    "classification_report": {
        "0": {
            "precision": 0.9379624711245074,
            "recall": 0.7507019694692715,
            "f1-score": 0.8339493121722178,
            "support": 101144.0
        },
        "1": {
            "precision": 0.41805719033441807,
            "recall": 0.7829356846473029,
            "f1-score": 0.5450688332204919,
            "support": 23136.0
        },
        "accuracy": 0.7567026070164146,
        "macro avg": {
            "precision": 0.6780098307294627,
            "recall": 0.7668188270582872,
            "f1-score": 0.6895090726963549,
            "support": 124280.0
        },
        "weighted avg": {
            "precision": 0.8411767567991171,
            "recall": 0.7567026070164146,
            "f1-score": 0.7801712403905383,
            "support": 124280.0
        }
    }
}