{
    "classification_report on the train set": {
        "0": {
            "precision": 0.9393488971259937,
            "recall": 0.7497855763978318,
            "f1-score": 0.833930353456073,
            "support": 404573.0
        },
        "1": {
            "precision": 0.4188529766347092,
            "recall": 0.7883647051196162,
            "f1-score": 0.5470577649811049,
            "support": 92546.0
        },
        "accuracy": 0.756967647585387,
        "macro avg": {
            "precision": 0.6791009368803514,
            "recall": 0.769075140758724,
            "f1-score": 0.690494059218589,
            "support": 497119.0
        },
        "weighted avg": {
            "precision": 0.8424509401825125,
            "recall": 0.756967647585387,
            "f1-score": 0.7805248095661707,
            "support": 497119.0
        }
    }
}