{
    "classification_report on the train set": {
        "0": {
            "precision": 0.9999901114684716,
            "recall": 0.9998319215568019,
            "f1-score": 0.999911010256068,
            "support": 404573.0
        },
        "1": {
            "precision": 0.9992657380412483,
            "recall": 0.9999567782508159,
            "f1-score": 0.9996111387154616,
            "support": 92546.0
        },
        "accuracy": 0.9998551654634001,
        "macro avg": {
            "precision": 0.99962792475486,
            "recall": 0.9998943499038089,
            "f1-score": 0.9997610744857648,
            "support": 497119.0
        },
        "weighted avg": {
            "precision": 0.9998552587205465,
            "recall": 0.9998551654634001,
            "f1-score": 0.9998551847664027,
            "support": 497119.0
        }
    }
}