{
    "classification_report": {
        "0": {
            "precision": 0.9523323453814273,
            "recall": 0.7656114055208416,
            "f1-score": 0.8488246545761468,
            "support": 101144.0
        },
        "1": {
            "precision": 0.4482509833127749,
            "recall": 0.8324688796680498,
            "f1-score": 0.5827269564165015,
            "support": 23136.0
        },
        "accuracy": 0.7780576118442227,
        "macro avg": {
            "precision": 0.7002916643471011,
            "recall": 0.7990401425944458,
            "f1-score": 0.7157758054963241,
            "support": 124280.0
        },
        "weighted avg": {
            "precision": 0.8584924162470505,
            "recall": 0.7780576118442227,
            "f1-score": 0.7992878317195202,
            "support": 124280.0
        }
    }
}