{
    "classification_report": {
        "0": {
            "precision": 0.9506147889720898,
            "recall": 0.7602007400161612,
            "f1-score": 0.844811207055454,
            "support": 117565.0
        },
        "1": {
            "precision": 0.4217618705773767,
            "recall": 0.8157978259144648,
            "f1-score": 0.5560498100350184,
            "support": 25206.0
        },
        "accuracy": 0.770016319840864,
        "macro avg": {
            "precision": 0.6861883297747333,
            "recall": 0.7879992829653131,
            "f1-score": 0.7004305085452363,
            "support": 142771.0
        },
        "weighted avg": {
            "precision": 0.8572466213396075,
            "recall": 0.770016319840864,
            "f1-score": 0.7938308274734864,
            "support": 142771.0
        }
    }
}