{
    "classification_report on the train set": {
        "0": {
            "precision": 0.9393017658738149,
            "recall": 0.749548289183905,
            "f1-score": 0.8337649982953358,
            "support": 404573.0
        },
        "1": {
            "precision": 0.41858890495535817,
            "recall": 0.7882566507466557,
            "f1-score": 0.546806485222358,
            "support": 92546.0
        },
        "accuracy": 0.7567544189620594,
        "macro avg": {
            "precision": 0.6789453354145865,
            "recall": 0.7689024699652804,
            "f1-score": 0.6902857417588468,
            "support": 497119.0
        },
        "weighted avg": {
            "precision": 0.8423634222849367,
            "recall": 0.7567544189620594,
            "f1-score": 0.7803434582800642,
            "support": 497119.0
        }
    }
}