{
    "classification_report on the train set": {
        "0": {
            "precision": 0.9483183721583283,
            "recall": 0.759598391390429,
            "f1-score": 0.8435318692237804,
            "support": 404573.0
        },
        "1": {
            "precision": 0.43799188711299103,
            "recall": 0.8190305361657987,
            "f1-score": 0.5707594765139079,
            "support": 92546.0
        },
        "accuracy": 0.7706625576572209,
        "macro avg": {
            "precision": 0.6931551296356596,
            "recall": 0.7893144637781138,
            "f1-score": 0.7071456728688441,
            "support": 497119.0
        },
        "weighted avg": {
            "precision": 0.8533136049194864,
            "recall": 0.7706625576572209,
            "f1-score": 0.7927512837789918,
            "support": 497119.0
        }
    }
}