{
    "classification_report on the train set": {
        "0": {
            "precision": 0.9389797918283187,
            "recall": 0.7507767448643384,
            "f1-score": 0.8343973540496885,
            "support": 404573.0
        },
        "1": {
            "precision": 0.41930820797530466,
            "recall": 0.7867114732133209,
            "f1-score": 0.547046757481723,
            "support": 92546.0
        },
        "accuracy": 0.7574665221003422,
        "macro avg": {
            "precision": 0.6791439999018116,
            "recall": 0.7687441090388296,
            "f1-score": 0.6907220557657058,
            "support": 497119.0
        },
        "weighted avg": {
            "precision": 0.8422352972520482,
            "recall": 0.7574665221003422,
            "f1-score": 0.7809028219356897,
            "support": 497119.0
        }
    }
}