{
    "classification_report": {
        "0": {
            "precision": 0.9381117972452881,
            "recall": 0.7494858815154631,
            "f1-score": 0.8332573055383042,
            "support": 101144.0
        },
        "1": {
            "precision": 0.41715547581257334,
            "recall": 0.7838433609958506,
            "f1-score": 0.5445210106742332,
            "support": 23136.0
        },
        "accuracy": 0.7558818796266495,
        "macro avg": {
            "precision": 0.6776336365289307,
            "recall": 0.7666646212556569,
            "f1-score": 0.6888891581062687,
            "support": 124280.0
        },
        "weighted avg": {
            "precision": 0.841130420896179,
            "recall": 0.7558818796266495,
            "f1-score": 0.77950607510722,
            "support": 124280.0
        }
    }
}