{
    "classification_report on the train set": {
        "0": {
            "precision": 0.9448058526306602,
            "recall": 0.74919977358845,
            "f1-score": 0.8357095394727773,
            "support": 404573.0
        },
        "1": {
            "precision": 0.42448356834140644,
            "recall": 0.8086681217988893,
            "f1-score": 0.556730096856263,
            "support": 92546.0
        },
        "accuracy": 0.7602706796561789,
        "macro avg": {
            "precision": 0.6846447104860334,
            "recall": 0.7789339476936696,
            "f1-score": 0.69621981816452,
            "support": 497119.0
        },
        "weighted avg": {
            "precision": 0.8479402206153214,
            "recall": 0.7602706796561789,
            "f1-score": 0.7837734205628424,
            "support": 497119.0
        }
    }
}