{
    "classification_report on the train set": {
        "0": {
            "precision": 0.9510743845500849,
            "recall": 0.7623803853187598,
            "f1-score": 0.8463374330162178,
            "support": 470260.0
        },
        "1": {
            "precision": 0.42437308112340566,
            "recall": 0.8170772831865429,
            "f1-score": 0.5586137217407814,
            "support": 100824.0
        },
        "accuracy": 0.7720370383341155,
        "macro avg": {
            "precision": 0.6877237328367453,
            "recall": 0.7897288342526514,
            "f1-score": 0.7024755773784996,
            "support": 571084.0
        },
        "weighted avg": {
            "precision": 0.8580860812239691,
            "recall": 0.7720370383341155,
            "f1-score": 0.7955402552531661,
            "support": 571084.0
        }
    }
}