{
    "classification_report": {
        "0": {
            "precision": 0.9505014730438297,
            "recall": 0.7601667162846085,
            "f1-score": 0.8447454487021948,
            "support": 117565.0
        },
        "1": {
            "precision": 0.4215967834577829,
            "recall": 0.8153614218836784,
            "f1-score": 0.5558049598399005,
            "support": 25206.0
        },
        "accuracy": 0.769911256487662,
        "macro avg": {
            "precision": 0.6860491282508063,
            "recall": 0.7877640690841434,
            "f1-score": 0.7002752042710476,
            "support": 142771.0
        },
        "weighted avg": {
            "precision": 0.8571241652873112,
            "recall": 0.769911256487662,
            "f1-score": 0.7937334507315776,
            "support": 142771.0
        }
    }
}