{
    "classification_report on the train set": {
        "0": {
            "precision": 0.9999729166102429,
            "recall": 0.8213548605566857,
            "f1-score": 0.9019053305829986,
            "support": 404573.0
        },
        "1": {
            "precision": 0.5614700385894231,
            "recall": 0.9999027510643356,
            "f1-score": 0.719130549662338,
            "support": 92546.0
        },
        "accuracy": 0.8545941716168564,
        "macro avg": {
            "precision": 0.780721477599833,
            "recall": 0.9106288058105106,
            "f1-score": 0.8105179401226683,
            "support": 497119.0
        },
        "weighted avg": {
            "precision": 0.9183391682535822,
            "recall": 0.8545941716168564,
            "f1-score": 0.8678791218179274,
            "support": 497119.0
        }
    }
}