{
    "classification_report on the train set": {
        "0": {
            "precision": 0.9424928239639514,
            "recall": 0.7498936758388977,
            "f1-score": 0.8352340417468991,
            "support": 470260.0
        },
        "1": {
            "precision": 0.4027330618214318,
            "recall": 0.7865885106720623,
            "f1-score": 0.5327158047463274,
            "support": 100824.0
        },
        "accuracy": 0.7563720923717001,
        "macro avg": {
            "precision": 0.6726129428926916,
            "recall": 0.76824109325548,
            "f1-score": 0.6839749232466132,
            "support": 571084.0
        },
        "weighted avg": {
            "precision": 0.8471990698782872,
            "recall": 0.7563720923717001,
            "f1-score": 0.7818249132695724,
            "support": 571084.0
        }
    }
}