{
    "classification_report on the train set": {
        "0": {
            "precision": 0.9424582170468033,
            "recall": 0.7496937864160251,
            "f1-score": 0.8350964544920506,
            "support": 470260.0
        },
        "1": {
            "precision": 0.40251664907008855,
            "recall": 0.7865091644846465,
            "f1-score": 0.5325082596900266,
            "support": 100824.0
        },
        "accuracy": 0.7561934846712568,
        "macro avg": {
            "precision": 0.6724874330584459,
            "recall": 0.7681014754503358,
            "f1-score": 0.6838023570910385,
            "support": 571084.0
        },
        "weighted avg": {
            "precision": 0.8471323654213256,
            "recall": 0.7561934846712568,
            "f1-score": 0.781674975072702,
            "support": 571084.0
        }
    }
}